,R²,R²_std,RMSE,RMSE_std,MAE,MAE_std,Training_Time
XGBoost,0.984,0.012,0.072,0.026,0.038,0.006,0.305
Random Forest,0.982,0.012,0.077,0.024,0.042,0.007,0.097
Gradient Boosting,0.984,0.012,0.072,0.026,0.038,0.006,0.036
Linear Regression,0.961,0.014,0.123,0.014,0.082,0.008,0.0
Ridge Regression,0.437,0.038,0.479,0.046,0.329,0.016,0.002
Lasso Regression,-0.028,0.038,0.649,0.064,0.462,0.031,0.003
Support Vector Regression,0.977,0.014,0.09,0.022,0.067,0.005,0.0
Multi-layer Perceptron,0.977,0.011,0.093,0.015,0.06,0.005,0.032
PINN,0.977,,0.087,,0.065,,10.0
